record_id,city,state,currency,category,service_name,pricing_unit,min_price_inr,max_price_inr,suggested_display_price_inr,price_type,materials_or_parts_included,notes,data_status
IND-SVC-001,Indore,Madhya Pradesh,INR,Plumbing,Inspection / visit,per visit,149,249,149,Indicative local market range,No,Labour/visit only; adjust against final repair where applicable,Indicative; validate with local providers before live publishing
IND-SVC-002,Indore,Madhya Pradesh,INR,Plumbing,Tap leakage repair,per job,250,600,250,Indicative local market range,No,"Parts such as washer, cartridge, tap extra",Indicative; validate with local providers before live publishing
IND-SVC-003,Indore,Madhya Pradesh,INR,Plumbing,Faucet/tap replacement,per unit,200,450,200,Indicative local market range,No,New tap extra,Indicative; validate with local providers before live publishing
IND-SVC-004,Indore,Madhya Pradesh,INR,Plumbing,Washbasin installation,per unit,500,1200,500,Indicative local market range,No,"Basin, pipe, bracket and fittings extra",Indicative; validate with local providers before live publishing
IND-SVC-005,Indore,Madhya Pradesh,INR,Plumbing,Sink installation,per unit,600,1500,600,Indicative local market range,No,Counter cutting and drain connection affect price,Indicative; validate with local providers before live publishing
IND-SVC-006,Indore,Madhya Pradesh,INR,Plumbing,Toilet flush repair,per job,300,900,300,Indicative local market range,No,Flush parts extra,Indicative; validate with local providers before live publishing
IND-SVC-007,Indore,Madhya Pradesh,INR,Plumbing,Western commode installation,per unit,1000,2500,1000,Indicative local market range,No,Commode and fittings extra,Indicative; validate with local providers before live publishing
IND-SVC-008,Indore,Madhya Pradesh,INR,Plumbing,Indian toilet repair,per job,500,1500,500,Indicative local market range,No,Tile removal/rework extra,Indicative; validate with local providers before live publishing
IND-SVC-009,Indore,Madhya Pradesh,INR,Plumbing,Drain blockage clearing,per job,400,1500,400,Indicative local market range,No,Jetting/machine work may be extra,Indicative; validate with local providers before live publishing
IND-SVC-010,Indore,Madhya Pradesh,INR,Plumbing,Bathroom pipe leakage repair,per job,500,2000,500,Indicative local market range,No,Wall breaking and tile repair separate,Indicative; validate with local providers before live publishing
IND-SVC-011,Indore,Madhya Pradesh,INR,Plumbing,Water-tank connection,per job,700,2000,700,Indicative local market range,No,Pipe and valves extra,Indicative; validate with local providers before live publishing
IND-SVC-012,Indore,Madhya Pradesh,INR,Plumbing,Geyser water connection,per unit,400,900,400,Indicative local market range,No,"Flexible pipes, valves and fittings extra",Indicative; validate with local providers before live publishing
IND-SVC-013,Indore,Madhya Pradesh,INR,Plumbing,Complete bathroom plumbing,per bathroom,5000,20000,5000,Indicative local market range,No,Labour only; number of points affects price,Indicative; validate with local providers before live publishing
IND-SVC-014,Indore,Madhya Pradesh,INR,Plumbing,Full-day plumber,per day,700,1000,700,Indicative local market range,No,For multiple small jobs,Indicative; validate with local providers before live publishing
IND-SVC-015,Indore,Madhya Pradesh,INR,Electrical,Inspection / electrician visit,per visit,149,249,149,Indicative local market range,No,Material extra,Indicative; validate with local providers before live publishing
IND-SVC-016,Indore,Madhya Pradesh,INR,Electrical,Switch or socket repair,per point,150,350,150,Indicative local market range,No,Material extra,Indicative; validate with local providers before live publishing
IND-SVC-017,Indore,Madhya Pradesh,INR,Electrical,Switchboard replacement,per board,250,700,250,Indicative local market range,No,"Plate, modules and wiring extra",Indicative; validate with local providers before live publishing
IND-SVC-018,Indore,Madhya Pradesh,INR,Electrical,Ceiling-fan installation,per unit,250,500,250,Indicative local market range,No,Fan and hook/rod extra if needed,Indicative; validate with local providers before live publishing
IND-SVC-019,Indore,Madhya Pradesh,INR,Electrical,Fan repair,per unit,250,700,250,Indicative local market range,No,"Capacitor, bearing or winding extra",Indicative; validate with local providers before live publishing
IND-SVC-020,Indore,Madhya Pradesh,INR,Electrical,Exhaust-fan installation,per unit,250,500,250,Indicative local market range,No,Material extra,Indicative; validate with local providers before live publishing
IND-SVC-021,Indore,Madhya Pradesh,INR,Electrical,LED bulb / tube-light installation,per unit,100,250,100,Indicative local market range,No,Fixture material extra,Indicative; validate with local providers before live publishing
IND-SVC-022,Indore,Madhya Pradesh,INR,Electrical,Decorative light installation,per job,300,1500,300,Indicative local market range,No,Quantity and height affect price,Indicative; validate with local providers before live publishing
IND-SVC-023,Indore,Madhya Pradesh,INR,Electrical,MCB replacement,per unit,250,600,250,Indicative local market range,No,MCB material extra,Indicative; validate with local providers before live publishing
IND-SVC-024,Indore,Madhya Pradesh,INR,Electrical,MCB distribution box installation,per unit,800,3000,800,Indicative local market range,No,"DB, MCB and wiring extra",Indicative; validate with local providers before live publishing
IND-SVC-025,Indore,Madhya Pradesh,INR,Electrical,New plug point,per point,250,600,250,Indicative local market range,No,Concealed wiring costs more,Indicative; validate with local providers before live publishing
IND-SVC-026,Indore,Madhya Pradesh,INR,Electrical,Geyser electrical connection,per unit,300,700,300,Indicative local market range,No,"Cable, MCB and socket extra",Indicative; validate with local providers before live publishing
IND-SVC-027,Indore,Madhya Pradesh,INR,Electrical,Inverter installation,per unit,800,2000,800,Indicative local market range,No,"Inverter, battery and wiring extra",Indicative; validate with local providers before live publishing
IND-SVC-028,Indore,Madhya Pradesh,INR,Electrical,Short-circuit fault diagnosis,per job,300,1000,300,Indicative local market range,No,Repair/replacement extra,Indicative; validate with local providers before live publishing
IND-SVC-029,Indore,Madhya Pradesh,INR,Electrical,Earthing,per point,1500,5000,1500,Indicative local market range,No,Electrode and soil conditions affect price,Indicative; validate with local providers before live publishing
IND-SVC-030,Indore,Madhya Pradesh,INR,Electrical,Full-day electrician,per day,700,1000,700,Indicative local market range,No,For multiple jobs,Indicative; validate with local providers before live publishing
IND-SVC-031,Indore,Madhya Pradesh,INR,Carpentry,Carpenter visit,per visit,199,350,199,Indicative local market range,No,Inspection/minimum labour,Indicative; validate with local providers before live publishing
IND-SVC-032,Indore,Madhya Pradesh,INR,Carpentry,Door hinge repair/replacement,per job,200,500,200,Indicative local market range,No,Hinges extra,Indicative; validate with local providers before live publishing
IND-SVC-033,Indore,Madhya Pradesh,INR,Carpentry,Door lock installation,per unit,250,700,250,Indicative local market range,No,Lock extra,Indicative; validate with local providers before live publishing
IND-SVC-034,Indore,Madhya Pradesh,INR,Carpentry,Door repair,per door,400,1500,400,Indicative local market range,No,Depends on wood damage,Indicative; validate with local providers before live publishing
IND-SVC-035,Indore,Madhya Pradesh,INR,Carpentry,Wooden door installation,per door,1000,3000,1000,Indicative local market range,No,"Door, frame and hardware extra",Indicative; validate with local providers before live publishing
IND-SVC-036,Indore,Madhya Pradesh,INR,Carpentry,Window repair,per window,300,1200,300,Indicative local market range,No,Glass and hardware extra,Indicative; validate with local providers before live publishing
IND-SVC-037,Indore,Madhya Pradesh,INR,Carpentry,Bed repair,per bed,500,2000,500,Indicative local market range,No,Material extra,Indicative; validate with local providers before live publishing
IND-SVC-038,Indore,Madhya Pradesh,INR,Carpentry,Chair repair,per chair,250,800,250,Indicative local market range,No,Material extra,Indicative; validate with local providers before live publishing
IND-SVC-039,Indore,Madhya Pradesh,INR,Carpentry,Table repair,per table,400,1500,400,Indicative local market range,No,Structure and polish affect price,Indicative; validate with local providers before live publishing
IND-SVC-040,Indore,Madhya Pradesh,INR,Carpentry,Wardrobe repair,per wardrobe,500,2500,500,Indicative local market range,No,"Hinges, channels and laminate extra",Indicative; validate with local providers before live publishing
IND-SVC-041,Indore,Madhya Pradesh,INR,Carpentry,Drawer/channel replacement,per drawer,300,1000,300,Indicative local market range,No,Hardware extra,Indicative; validate with local providers before live publishing
IND-SVC-042,Indore,Madhya Pradesh,INR,Carpentry,Wall shelf installation,per shelf,400,1200,400,Indicative local market range,No,Material extra,Indicative; validate with local providers before live publishing
IND-SVC-043,Indore,Madhya Pradesh,INR,Carpentry,Curtain-rod installation,per rod,200,600,200,Indicative local market range,No,Rod and brackets extra,Indicative; validate with local providers before live publishing
IND-SVC-044,Indore,Madhya Pradesh,INR,Carpentry,Furniture assembly,per item,500,2000,500,Indicative local market range,No,Depends on item size,Indicative; validate with local providers before live publishing
IND-SVC-045,Indore,Madhya Pradesh,INR,Carpentry,Full-day carpenter,per day,750,1100,750,Indicative local market range,No,For multiple jobs,Indicative; validate with local providers before live publishing
IND-SVC-046,Indore,Madhya Pradesh,INR,Painting,Minor touch-up,per job,500,1500,500,Indicative local market range,No,Includes small consumables,Indicative; validate with local providers before live publishing
IND-SVC-047,Indore,Madhya Pradesh,INR,Painting,Single-room repainting,per room,2500,6000,2500,Indicative local market range,No,Labour only; room size dependent,Indicative; validate with local providers before live publishing
IND-SVC-048,Indore,Madhya Pradesh,INR,Painting,Interior painting,per sq ft,12,25,12,Indicative local market range,No,Labour only,Indicative; validate with local providers before live publishing
IND-SVC-049,Indore,Madhya Pradesh,INR,Painting,"Interior painting with putty, primer and paint",per sq ft,25,55,25,Indicative local market range,No,Material-inclusive indicative range,Indicative; validate with local providers before live publishing
IND-SVC-050,Indore,Madhya Pradesh,INR,Painting,Exterior painting,per sq ft,15,35,15,Indicative local market range,No,Labour only,Indicative; validate with local providers before live publishing
IND-SVC-051,Indore,Madhya Pradesh,INR,Painting,Exterior painting with waterproof coating,per sq ft,35,80,35,Indicative local market range,No,Surface preparation/material affect rate,Indicative; validate with local providers before live publishing
IND-SVC-052,Indore,Madhya Pradesh,INR,Painting,Wall putty application,per sq ft,8,18,8,Indicative local market range,No,Labour only,Indicative; validate with local providers before live publishing
IND-SVC-053,Indore,Madhya Pradesh,INR,Painting,Primer application,per sq ft,3,8,3,Indicative local market range,No,Labour only,Indicative; validate with local providers before live publishing
IND-SVC-054,Indore,Madhya Pradesh,INR,Painting,Texture painting,per sq ft,30,100,30,Indicative local market range,No,Design and material dependent,Indicative; validate with local providers before live publishing
IND-SVC-055,Indore,Madhya Pradesh,INR,Painting,Door/window enamel painting,per sq ft,80,250,80,Indicative local market range,No,Sanding and primer can add cost,Indicative; validate with local providers before live publishing
IND-SVC-056,Indore,Madhya Pradesh,INR,Painting,Grill/railing painting,per sq ft,40,100,40,Indicative local market range,No,Rust treatment extra,Indicative; validate with local providers before live publishing
IND-SVC-057,Indore,Madhya Pradesh,INR,Painting,Painter day charge,per day,700,1200,700,Indicative local market range,No,Skill and task dependent,Indicative; validate with local providers before live publishing
IND-SVC-058,Indore,Madhya Pradesh,INR,AC Service,Inspection / AC repair visit,per visit,299,499,299,Indicative local market range,No,Repair labour and parts extra,Indicative; validate with local providers before live publishing
IND-SVC-059,Indore,Madhya Pradesh,INR,AC Service,Basic AC servicing,per AC,399,599,399,Indicative local market range,No,Per unit,Indicative; validate with local providers before live publishing
IND-SVC-060,Indore,Madhya Pradesh,INR,AC Service,Split AC power-jet / deep service,per AC,549,799,549,Indicative local market range,No,Per unit,Indicative; validate with local providers before live publishing
IND-SVC-061,Indore,Madhya Pradesh,INR,AC Service,Window AC deep service,per AC,599,850,599,Indicative local market range,No,Per unit,Indicative; validate with local providers before live publishing
IND-SVC-062,Indore,Madhya Pradesh,INR,AC Service,Foam-jet service,per AC,649,1050,649,Indicative local market range,No,Per unit,Indicative; validate with local providers before live publishing
IND-SVC-063,Indore,Madhya Pradesh,INR,AC Service,AC installation,per AC,1000,2500,1000,Indicative local market range,No,"Copper pipe, stand and drilling extra",Indicative; validate with local providers before live publishing
IND-SVC-064,Indore,Madhya Pradesh,INR,AC Service,Split AC installation with standard material,per AC,1800,3500,1800,Indicative local market range,No,Pipe length and wall type affect price,Indicative; validate with local providers before live publishing
IND-SVC-065,Indore,Madhya Pradesh,INR,AC Service,AC uninstallation,per AC,500,1000,500,Indicative local market range,No,Per unit,Indicative; validate with local providers before live publishing
IND-SVC-066,Indore,Madhya Pradesh,INR,AC Service,AC relocation,per AC,1500,3500,1500,Indicative local market range,No,Uninstall + install; material extra,Indicative; validate with local providers before live publishing
IND-SVC-067,Indore,Madhya Pradesh,INR,AC Service,Gas refilling,per AC,1500,4500,1500,Indicative local market range,No,"Refrigerant type, capacity and leak repair affect price",Indicative; validate with local providers before live publishing
IND-SVC-068,Indore,Madhya Pradesh,INR,AC Service,Gas-leak testing/repair,per AC,600,2000,600,Indicative local market range,No,Gas refill excluded,Indicative; validate with local providers before live publishing
IND-SVC-069,Indore,Madhya Pradesh,INR,AC Service,Drain-pipe cleaning,per AC,250,600,250,Indicative local market range,No,Per unit,Indicative; validate with local providers before live publishing
IND-SVC-070,Indore,Madhya Pradesh,INR,AC Service,PCB repair/replacement,per AC,1700,3800,1700,Indicative local market range,No,Brand/model dependent,Indicative; validate with local providers before live publishing
IND-SVC-071,Indore,Madhya Pradesh,INR,AC Service,Outdoor-unit wall stand,per unit,500,1000,500,Indicative local market range,No,Material/installation may be separate,Indicative; validate with local providers before live publishing
IND-SVC-072,Indore,Madhya Pradesh,INR,Masonry,Mason visit / small repair,per visit,300,600,300,Indicative local market range,No,Minimum labour charge,Indicative; validate with local providers before live publishing
IND-SVC-073,Indore,Madhya Pradesh,INR,Masonry,Mason full-day charge,per day,700,1300,700,Indicative local market range,No,Helper ₹500–₹800/day extra,Indicative; validate with local providers before live publishing
IND-SVC-074,Indore,Madhya Pradesh,INR,Masonry,Brickwork,per sq ft,30,60,30,Indicative local market range,No,Labour only,Indicative; validate with local providers before live publishing
IND-SVC-075,Indore,Madhya Pradesh,INR,Masonry,Wall plastering,per sq ft,15,35,15,Indicative local market range,No,Labour only,Indicative; validate with local providers before live publishing
IND-SVC-076,Indore,Madhya Pradesh,INR,Masonry,Wall crack repair,per job,500,3000,500,Indicative local market range,No,Crack type and length affect price,Indicative; validate with local providers before live publishing
IND-SVC-077,Indore,Madhya Pradesh,INR,Masonry,Cement floor repair,per sq ft,25,60,25,Indicative local market range,No,Labour only,Indicative; validate with local providers before live publishing
IND-SVC-078,Indore,Madhya Pradesh,INR,Masonry,Tile replacement,per tile,150,400,150,Indicative local market range,No,Tile and adhesive extra,Indicative; validate with local providers before live publishing
IND-SVC-079,Indore,Madhya Pradesh,INR,Masonry,Tile fixing,per sq ft,25,60,25,Indicative local market range,No,Labour only,Indicative; validate with local providers before live publishing
IND-SVC-080,Indore,Madhya Pradesh,INR,Masonry,Bathroom repair/renovation,per bathroom,5000,30000,5000,Indicative local market range,No,Labour only; scope dependent,Indicative; validate with local providers before live publishing
IND-SVC-081,Indore,Madhya Pradesh,INR,Welding,Small welding repair visit,per visit,500,1000,500,Indicative local market range,No,Minimum visit/fabrication charge,Indicative; validate with local providers before live publishing
IND-SVC-082,Indore,Madhya Pradesh,INR,Welding,Gate repair,per job,800,3000,800,Indicative local market range,No,Hardware and metal extra,Indicative; validate with local providers before live publishing
IND-SVC-083,Indore,Madhya Pradesh,INR,Welding,Grill repair,per section,700,2500,700,Indicative local market range,No,Per repaired section,Indicative; validate with local providers before live publishing
IND-SVC-084,Indore,Madhya Pradesh,INR,Welding,New window grill,per sq ft,250,500,250,Indicative local market range,No,Material-inclusive indicative range,Indicative; validate with local providers before live publishing
IND-SVC-085,Indore,Madhya Pradesh,INR,Welding,MS gate fabrication,per sq ft,350,700,350,Indicative local market range,No,Metal thickness/design/paint affect price,Indicative; validate with local providers before live publishing
IND-SVC-086,Indore,Madhya Pradesh,INR,Welding,Balcony/stair railing,per running ft,500,1200,500,Indicative local market range,No,Material and design dependent,Indicative; validate with local providers before live publishing
IND-SVC-087,Indore,Madhya Pradesh,INR,Welding,Full-day welder,per day,900,1800,900,Indicative local market range,No,Tools/electricity/consumables may be extra,Indicative; validate with local providers before live publishing
IND-SVC-088,Indore,Madhya Pradesh,INR,Deep Cleaning,Bathroom deep cleaning,per bathroom,400,800,400,Indicative local market range,No,Per bathroom,Indicative; validate with local providers before live publishing
IND-SVC-089,Indore,Madhya Pradesh,INR,Deep Cleaning,Kitchen deep cleaning,per kitchen,800,2000,800,Indicative local market range,No,Chimney/interior appliances may be separate,Indicative; validate with local providers before live publishing
IND-SVC-090,Indore,Madhya Pradesh,INR,Deep Cleaning,Sofa cleaning,per set,500,1500,500,Indicative local market range,No,Seats and fabric affect price,Indicative; validate with local providers before live publishing
IND-SVC-091,Indore,Madhya Pradesh,INR,Deep Cleaning,Mattress cleaning,per mattress,400,900,400,Indicative local market range,No,Per mattress,Indicative; validate with local providers before live publishing
IND-SVC-092,Indore,Madhya Pradesh,INR,Deep Cleaning,Carpet cleaning,per carpet,300,1000,300,Indicative local market range,No,May be priced per sq ft,Indicative; validate with local providers before live publishing
IND-SVC-093,Indore,Madhya Pradesh,INR,Deep Cleaning,Refrigerator cleaning,per unit,300,700,300,Indicative local market range,No,Internal cleaning only,Indicative; validate with local providers before live publishing
IND-SVC-094,Indore,Madhya Pradesh,INR,Deep Cleaning,Chimney cleaning,per unit,500,1200,500,Indicative local market range,No,Heavy grease may cost more,Indicative; validate with local providers before live publishing
IND-SVC-095,Indore,Madhya Pradesh,INR,Deep Cleaning,Water-tank cleaning,per tank,800,2500,800,Indicative local market range,No,Capacity dependent,Indicative; validate with local providers before live publishing
IND-SVC-096,Indore,Madhya Pradesh,INR,Deep Cleaning,1BHK deep cleaning,per home,1500,3000,1500,Indicative local market range,No,Occupied/vacant affects price,Indicative; validate with local providers before live publishing
IND-SVC-097,Indore,Madhya Pradesh,INR,Deep Cleaning,2BHK deep cleaning,per home,2500,4500,2500,Indicative local market range,No,Standard rooms and bathrooms,Indicative; validate with local providers before live publishing
IND-SVC-098,Indore,Madhya Pradesh,INR,Deep Cleaning,3BHK deep cleaning,per home,3500,6000,3500,Indicative local market range,No,Furniture/condition affect price,Indicative; validate with local providers before live publishing
IND-SVC-099,Indore,Madhya Pradesh,INR,Deep Cleaning,Post-construction cleaning,per sq ft,5,15,5,Indicative local market range,No,Debris disposal may be separate,Indicative; validate with local providers before live publishing
IND-SVC-100,Indore,Madhya Pradesh,INR,Deep Cleaning,Office deep cleaning,per sq ft,3,12,3,Indicative local market range,No,Scope/frequency dependent,Indicative; validate with local providers before live publishing
IND-SVC-101,Indore,Madhya Pradesh,INR,Appliance Repair,Inspection / visit fee,per visit,199,499,199,Indicative local market range,No,Can be adjusted against repair,Indicative; validate with local providers before live publishing
IND-SVC-102,Indore,Madhya Pradesh,INR,Appliance Repair,Washing-machine repair labour,per job,300,1200,300,Indicative local market range,No,Spare parts extra,Indicative; validate with local providers before live publishing
IND-SVC-103,Indore,Madhya Pradesh,INR,Appliance Repair,Washing-machine installation,per unit,300,700,300,Indicative local market range,No,Inlet/outlet connection extra if needed,Indicative; validate with local providers before live publishing
IND-SVC-104,Indore,Madhya Pradesh,INR,Appliance Repair,Refrigerator repair labour,per job,400,1500,400,Indicative local market range,No,"Compressor, gas and PCB extra",Indicative; validate with local providers before live publishing
IND-SVC-105,Indore,Madhya Pradesh,INR,Appliance Repair,Refrigerator gas refill,per unit,1500,3500,1500,Indicative local market range,No,Model and refrigerant dependent,Indicative; validate with local providers before live publishing
IND-SVC-106,Indore,Madhya Pradesh,INR,Appliance Repair,TV repair inspection,per visit,300,600,300,Indicative local market range,No,Parts extra,Indicative; validate with local providers before live publishing
IND-SVC-107,Indore,Madhya Pradesh,INR,Appliance Repair,LED TV repair,per job,500,3000,500,Indicative local market range,No,Panel replacement can be much higher,Indicative; validate with local providers before live publishing
IND-SVC-108,Indore,Madhya Pradesh,INR,Appliance Repair,Microwave repair labour,per job,400,1200,400,Indicative local market range,No,Magnetron/PCB/door parts extra,Indicative; validate with local providers before live publishing
IND-SVC-109,Indore,Madhya Pradesh,INR,Appliance Repair,Geyser repair labour,per job,300,900,300,Indicative local market range,No,Heating element/thermostat extra,Indicative; validate with local providers before live publishing
IND-SVC-110,Indore,Madhya Pradesh,INR,Appliance Repair,Geyser installation,per unit,500,1200,500,Indicative local market range,No,Plumbing/electrical accessories extra,Indicative; validate with local providers before live publishing
IND-SVC-111,Indore,Madhya Pradesh,INR,Appliance Repair,RO/water-purifier service,per unit,300,800,300,Indicative local market range,No,Filters/membrane extra,Indicative; validate with local providers before live publishing
IND-SVC-112,Indore,Madhya Pradesh,INR,Appliance Repair,RO installation,per unit,500,1000,500,Indicative local market range,No,"Pipe, connector and stand extra",Indicative; validate with local providers before live publishing
IND-SVC-113,Indore,Madhya Pradesh,INR,Appliance Repair,Induction cooktop repair,per job,300,1000,300,Indicative local market range,No,PCB/coil parts extra,Indicative; validate with local providers before live publishing
IND-SVC-114,Indore,Madhya Pradesh,INR,Appliance Repair,Mixer grinder repair,per job,200,700,200,Indicative local market range,No,"Jar, motor/coupler extra",Indicative; validate with local providers before live publishing
IND-SVC-115,Indore,Madhya Pradesh,INR,Flooring,Broken-tile replacement,per tile,150,400,150,Indicative local market range,No,"Tile, adhesive and grout extra",Indicative; validate with local providers before live publishing
IND-SVC-116,Indore,Madhya Pradesh,INR,Flooring,Ceramic/vitrified tile fitting,per sq ft,25,60,25,Indicative local market range,No,Labour only,Indicative; validate with local providers before live publishing
IND-SVC-117,Indore,Madhya Pradesh,INR,Flooring,Large-format tile fitting,per sq ft,40,90,40,Indicative local market range,No,Higher precision needed,Indicative; validate with local providers before live publishing
IND-SVC-118,Indore,Madhya Pradesh,INR,Flooring,Marble installation,per sq ft,50,120,50,Indicative local market range,No,Cutting/polishing may be separate,Indicative; validate with local providers before live publishing
IND-SVC-119,Indore,Madhya Pradesh,INR,Flooring,Granite installation,per sq ft,80,180,80,Indicative local market range,No,Material/thickness affect price,Indicative; validate with local providers before live publishing
IND-SVC-120,Indore,Madhya Pradesh,INR,Flooring,Wooden/vinyl flooring installation,per sq ft,20,60,20,Indicative local market range,No,Material extra,Indicative; validate with local providers before live publishing
IND-SVC-121,Indore,Madhya Pradesh,INR,Flooring,Floor grinding/polishing,per sq ft,15,80,15,Indicative local market range,No,Surface and condition dependent,Indicative; validate with local providers before live publishing
IND-SVC-122,Indore,Madhya Pradesh,INR,Flooring,Tile grouting,per sq ft,8,25,8,Indicative local market range,No,Epoxy grout costs more,Indicative; validate with local providers before live publishing
IND-SVC-123,Indore,Madhya Pradesh,INR,Waterproofing,Terrace waterproofing,per sq ft,35,100,35,Indicative local market range,No,Preparation/material affect rate,Indicative; validate with local providers before live publishing
IND-SVC-124,Indore,Madhya Pradesh,INR,Waterproofing,Bathroom waterproofing,per sq ft,50,150,50,Indicative local market range,No,Complete treatment may require tile removal,Indicative; validate with local providers before live publishing
IND-SVC-125,Indore,Madhya Pradesh,INR,Waterproofing,Balcony waterproofing,per sq ft,40,120,40,Indicative local market range,No,Drain/slope correction extra,Indicative; validate with local providers before live publishing
IND-SVC-126,Indore,Madhya Pradesh,INR,Waterproofing,Basement waterproofing,per sq ft,80,250,80,Indicative local market range,No,Excavation/access increase cost,Indicative; validate with local providers before live publishing
IND-SVC-127,Indore,Madhya Pradesh,INR,Waterproofing,Wall dampness treatment,per sq ft,30,100,30,Indicative local market range,No,Root-cause repair quoted separately,Indicative; validate with local providers before live publishing
IND-SVC-128,Indore,Madhya Pradesh,INR,Waterproofing,Crack sealing,per running ft,50,200,50,Indicative local market range,No,Crack width/depth/material dependent,Indicative; validate with local providers before live publishing
IND-SVC-129,Indore,Madhya Pradesh,INR,Waterproofing,Water-tank waterproofing,per sq ft,20,60,20,Indicative local market range,No,Food-safe coating may cost more,Indicative; validate with local providers before live publishing
IND-SVC-130,Indore,Madhya Pradesh,INR,Solar Install,Site survey,per visit,0,1000,0,Indicative local market range,No,May be free after confirmed order,Indicative; validate with local providers before live publishing
IND-SVC-131,Indore,Madhya Pradesh,INR,Solar Install,Solar-panel cleaning,per panel,10,30,10,Indicative local market range,No,Minimum booking ₹300–₹600,Indicative; validate with local providers before live publishing
IND-SVC-132,Indore,Madhya Pradesh,INR,Solar Install,Small solar-system inspection,per visit,500,1500,500,Indicative local market range,No,Fault diagnosis only,Indicative; validate with local providers before live publishing
IND-SVC-133,Indore,Madhya Pradesh,INR,Solar Install,Solar-panel installation labour,per job,3000,8000,3000,Indicative local market range,No,Small rooftop system; equipment extra,Indicative; validate with local providers before live publishing
IND-SVC-134,Indore,Madhya Pradesh,INR,Solar Install,Rooftop mounting-structure installation,per job,2000,8000,2000,Indicative local market range,No,Roof type/frame affect price,Indicative; validate with local providers before live publishing
IND-SVC-135,Indore,Madhya Pradesh,INR,Solar Install,Solar-inverter installation,per unit,1000,3000,1000,Indicative local market range,No,Wiring/protection devices extra,Indicative; validate with local providers before live publishing
IND-SVC-136,Indore,Madhya Pradesh,INR,Solar Install,Solar-battery installation,per unit,500,1500,500,Indicative local market range,No,Battery equipment extra,Indicative; validate with local providers before live publishing
IND-SVC-137,Indore,Madhya Pradesh,INR,Solar Install,Solar-water-heater installation,per unit,2000,6000,2000,Indicative local market range,No,Capacity/plumbing affect price,Indicative; validate with local providers before live publishing
IND-SVC-138,Indore,Madhya Pradesh,INR,Solar Install,Solar-system maintenance visit,per visit,800,2500,800,Indicative local market range,No,Replacement parts excluded,Indicative; validate with local providers before live publishing
IND-SVC-139,Indore,Madhya Pradesh,INR,Solar Install,Complete residential rooftop system installation,per job,5000,15000,5000,Indicative local market range,No,Labour only; equipment/approvals excluded,Indicative; validate with local providers before live publishing
IND-SVC-140,Indore,Madhya Pradesh,INR,Solar Install,Net-metering documentation support,per application,1000,5000,1000,Indicative local market range,No,Clarify official fees separately,Indicative; validate with local providers before live publishing
